,awayscore,away,homescore,date,home,div,tourney
81,2,Fifth Element,11,7/16/2016,Prion,Mixed,Bourbon Bash 2016
82,11,Free Ride,10,7/16/2016,Hairy Otter,Mixed,Bourbon Bash 2016
83,11,North Coast,1,7/16/2016,I-79,Mixed,Bourbon Bash 2016
84,2,North Coast,11,7/16/2016,Prion,Mixed,Bourbon Bash 2016
85,5,Fifth Element,10,7/16/2016,Hairy Otter,Mixed,Bourbon Bash 2016
86,11,Free Ride,7,7/16/2016,I-79,Mixed,Bourbon Bash 2016
87,2,I-79,11,7/16/2016,Prion,Mixed,Bourbon Bash 2016
88,9,North Coast,10,7/16/2016,Hairy Otter,Mixed,Bourbon Bash 2016
89,11,Free Ride,3,7/16/2016,Fifth Element,Mixed,Bourbon Bash 2016
90,5,Free Ride,11,7/16/2016,Prion,Mixed,Bourbon Bash 2016
91,7,North Coast,8,7/16/2016,Fifth Element,Mixed,Bourbon Bash 2016
92,5,I-79,11,7/16/2016,Hairy Otter,Mixed,Bourbon Bash 2016
93,5,Hairy Otter,11,7/16/2016,Prion,Mixed,Bourbon Bash 2016
94,11,I-79,8,7/16/2016,Fifth Element,Mixed,Bourbon Bash 2016
95,4,North Coast,11,7/16/2016,Free Ride,Mixed,Bourbon Bash 2016
96,5,Moonshine,11,7/16/2016,Columbus Cocktails,Mixed,Bourbon Bash 2016
97,10,Goosebumps and Hucks,12,7/16/2016,Thunderpants the Magic Dragon,Mixed,Bourbon Bash 2016
99,7,Los  Heros,11,7/16/2016,Columbus Cocktails,Mixed,Bourbon Bash 2016
100,11,Moonshine,6,7/16/2016,Thunderpants the Magic Dragon,Mixed,Bourbon Bash 2016
103,8,Los  Heros,9,7/16/2016,Thunderpants the Magic Dragon,Mixed,Bourbon Bash 2016
104,4,Goosebumps and Hucks,11,7/16/2016,Moonshine,Mixed,Bourbon Bash 2016
105,10,Los  Heros,5,7/16/2016,Moonshine,Mixed,Bourbon Bash 2016
107,3,Goosebumps and Hucks,11,7/16/2016,Columbus Cocktails,Mixed,Bourbon Bash 2016
108,1,Thunderpants the Magic Dragon,11,7/16/2016,Columbus Cocktails,Mixed,Bourbon Bash 2016
110,11,Los  Heros,7,7/16/2016,Goosebumps and Hucks,Mixed,Bourbon Bash 2016
111,6,Fifth Element,15,7/17/2016,North Coast,Mixed,Bourbon Bash 2016
112,10,I-79,11,7/17/2016,North Coast,Mixed,Bourbon Bash 2016
114,15,I-79,12,7/17/2016,Thunderpants the Magic Dragon,Mixed,Bourbon Bash 2016
115,8,Goosebumps and Hucks,15,7/17/2016,Fifth Element,Mixed,Bourbon Bash 2016
117,5,Goosebumps and Hucks,13,7/17/2016,Thunderpants the Magic Dragon,Mixed,Bourbon Bash 2016
118,15,Columbus Cocktails,8,7/17/2016,Prion,Mixed,Bourbon Bash 2016
119,7,Hairy Otter,11,7/17/2016,Prion,Mixed,Bourbon Bash 2016
120,15,Columbus Cocktails,6,7/17/2016,Free Ride,Mixed,Bourbon Bash 2016
121,13,Hairy Otter,10,7/17/2016,Los  Heros,Mixed,Bourbon Bash 2016
122,10,Moonshine,11,7/17/2016,Free Ride,Mixed,Bourbon Bash 2016
123,7,Free Ride,11,7/17/2016,Hairy Otter,Mixed,Bourbon Bash 2016
124,14,Moonshine,8,7/17/2016,Los  Heros,Mixed,Bourbon Bash 2016
146,15,Clue,8,7/16/2016,Ant Madness,Mixed,Philly Invite 2016
147,11,Clue,15,7/16/2016,Bang!,Mixed,Philly Invite 2016
149,12,Ant Madness,15,7/16/2016,Bang!,Mixed,Philly Invite 2016
151,12,American Hyperbole,15,7/16/2016,Sparkle Ponies,Mixed,Philly Invite 2016
152,9,Tyrannis,15,7/16/2016,Powermove,Mixed,Philly Invite 2016
153,12,Tyrannis,15,7/16/2016,Sparkle Ponies,Mixed,Philly Invite 2016
154,15,American Hyperbole,11,7/16/2016,Powermove,Mixed,Philly Invite 2016
155,10,Powermove,15,7/16/2016,Sparkle Ponies,Mixed,Philly Invite 2016
156,9,Tyrannis,15,7/16/2016,American Hyperbole,Mixed,Philly Invite 2016
157,8,BITMAP,15,7/16/2016,Dub Club,Mixed,Philly Invite 2016
160,14,BITMAP,15,7/16/2016,Los Penguinos,Mixed,Philly Invite 2016
161,6,Los Penguinos,15,7/16/2016,Dub Club,Mixed,Philly Invite 2016
163,11,Buffalo Lake Effect,15,7/16/2016,Grand Army.,Mixed,Philly Invite 2016
164,17,Sabotage,15,7/16/2016,The Bandits,Mixed,Philly Invite 2016
165,15,Sabotage,16,7/16/2016,Grand Army.,Mixed,Philly Invite 2016
166,4,Buffalo Lake Effect,15,7/16/2016,The Bandits,Mixed,Philly Invite 2016
167,15,The Bandits,16,7/16/2016,Grand Army.,Mixed,Philly Invite 2016
168,13,Sabotage,15,7/16/2016,Buffalo Lake Effect,Mixed,Philly Invite 2016
169,9,Los Penguinos,15,7/16/2016,Ant Madness,Mixed,Philly Invite 2016
170,12,The Bandits,15,7/16/2016,Powermove,Mixed,Philly Invite 2016
172,12,Grand Army.,14,7/16/2016,Tyrannis,Mixed,Philly Invite 2016
173,9,Sparkle Ponies,15,7/16/2016,Bang!,Mixed,Philly Invite 2016
174,15,American Hyperbole,6,7/16/2016,Clue,Mixed,Philly Invite 2016
175,15,Sabotage,11,7/16/2016,BITMAP,Mixed,Philly Invite 2016
177,9,Clue,15,7/17/2016,Bang!,Mixed,Philly Invite 2016
178,7,American Hyperbole,15,7/17/2016,Bang!,Mixed,Philly Invite 2016
179,6,Dub Club,15,7/17/2016,Clue,Mixed,Philly Invite 2016
180,5,Tyrannis,15,7/17/2016,Bang!,Mixed,Philly Invite 2016
181,15,American Hyperbole,12,7/17/2016,Ant Madness,Mixed,Philly Invite 2016
182,16,Powermove,17,7/17/2016,Clue,Mixed,Philly Invite 2016
183,8,Sparkle Ponies,15,7/17/2016,Dub Club,Mixed,Philly Invite 2016
184,15,Dub Club,6,7/17/2016,American Hyperbole,Mixed,Philly Invite 2016
185,13,Sparkle Ponies,10,7/17/2016,Ant Madness,Mixed,Philly Invite 2016
186,14,Ant Madness,13,7/17/2016,Tyrannis,Mixed,Philly Invite 2016
187,16,Sparkle Ponies,15,7/17/2016,Powermove,Mixed,Philly Invite 2016
188,11,Powermove,9,7/17/2016,Tyrannis,Mixed,Philly Invite 2016
190,15,The Bandits,8,7/17/2016,Buffalo Lake Effect,Mixed,Philly Invite 2016
192,14,Buffalo Lake Effect,13,7/17/2016,Grand Army.,Mixed,Philly Invite 2016
193,15,The Bandits,13,7/17/2016,BITMAP,Mixed,Philly Invite 2016
194,14,Sabotage,12,7/17/2016,Los Penguinos,Mixed,Philly Invite 2016
196,4,Sabotage,15,7/17/2016,Buffalo Lake Effect,Mixed,Philly Invite 2016
198,9,BITMAP,15,7/17/2016,Grand Army.,Mixed,Philly Invite 2016
200,13,Los Penguinos,15,7/17/2016,BITMAP,Mixed,Philly Invite 2016
273,9,First Order,13,7/9/2016,8 Bit Heroes,Mixed,Virginia Commonwealth Games 2016
274,13,Lord Fairfax,6,7/9/2016,Stormborn,Mixed,Virginia Commonwealth Games 2016
275,9,Norfolkin' Around,11,7/9/2016,Throws of Passion,Mixed,Virginia Commonwealth Games 2016
276,7,Lord Fairfax,13,7/9/2016,Legion,Mixed,Virginia Commonwealth Games 2016
277,7,First Order,12,7/9/2016,Throws of Passion,Mixed,Virginia Commonwealth Games 2016
278,7,Norfolkin' Around,11,7/9/2016,Stormborn,Mixed,Virginia Commonwealth Games 2016
279,6,Throws of Passion,12,7/9/2016,Legion,Mixed,Virginia Commonwealth Games 2016
280,10,Norfolkin' Around,12,7/9/2016,8 Bit Heroes,Mixed,Virginia Commonwealth Games 2016
281,0,First Order,13,7/9/2016,Stormborn,Mixed,Virginia Commonwealth Games 2016
282,11,8 Bit Heroes,10,7/9/2016,Legion,Mixed,Virginia Commonwealth Games 2016
283,6,First Order,12,7/9/2016,Lord Fairfax,Mixed,Virginia Commonwealth Games 2016
284,6,Stormborn,10,7/9/2016,Throws of Passion,Mixed,Virginia Commonwealth Games 2016
285,4,8 Bit Heroes,13,7/9/2016,Lord Fairfax,Mixed,Virginia Commonwealth Games 2016
286,7,Norfolkin' Around,13,7/9/2016,Legion,Mixed,Virginia Commonwealth Games 2016
287,12,Norfolkin' Around,11,7/10/2016,First Order,Mixed,Virginia Commonwealth Games 2016
288,10,8 Bit Heroes,9,7/10/2016,Throws of Passion,Mixed,Virginia Commonwealth Games 2016
289,12,Norfolkin' Around,11,7/10/2016,Lord Fairfax,Mixed,Virginia Commonwealth Games 2016
290,5,Stormborn,13,7/10/2016,Legion,Mixed,Virginia Commonwealth Games 2016
291,9,8 Bit Heroes,8,7/10/2016,Stormborn,Mixed,Virginia Commonwealth Games 2016
292,9,Lord Fairfax,5,7/10/2016,Throws of Passion,Mixed,Virginia Commonwealth Games 2016
293,4,First Order,13,7/10/2016,Legion,Mixed,Virginia Commonwealth Games 2016
294,13,Legion,8,7/10/2016,Throws of Passion,Mixed,Virginia Commonwealth Games 2016
295,11,Throws of Passion,4,7/10/2016,8 Bit Heroes,Mixed,Virginia Commonwealth Games 2016
296,7,Lord Fairfax,12,7/10/2016,Legion,Mixed,Virginia Commonwealth Games 2016
297,9,Lord Fairfax,6,7/10/2016,8 Bit Heroes,Mixed,Virginia Commonwealth Games 2016
298,10,Norfolkin' Around,13,7/10/2016,Stormborn,Mixed,Virginia Commonwealth Games 2016
345,13,Steamboat,9,7/9/2016,The Chad Larson Experience,Mixed,TCT Elite-Select Challenge 2016 (Oshadega Invite)
349,10,Cahoots,12,7/9/2016,UPA,Mixed,TCT Elite-Select Challenge 2016 (Oshadega Invite)
350,11,Jughandle,12,7/9/2016,Birdfruit,Mixed,TCT Elite-Select Challenge 2016 (Oshadega Invite)
351,7,Birdfruit,12,7/9/2016,UPA,Mixed,TCT Elite-Select Challenge 2016 (Oshadega Invite)
352,13,Jughandle,10,7/9/2016,Cahoots,Mixed,TCT Elite-Select Challenge 2016 (Oshadega Invite)
353,10,Jughandle,12,7/9/2016,UPA,Mixed,TCT Elite-Select Challenge 2016 (Oshadega Invite)
354,5,Cahoots,11,7/9/2016,Birdfruit,Mixed,TCT Elite-Select Challenge 2016 (Oshadega Invite)
355,4,Bird,13,7/9/2016,AMP,Mixed,TCT Elite-Select Challenge 2016 (Oshadega Invite)
357,7,Love Tractor,13,7/9/2016,AMP,Mixed,TCT Elite-Select Challenge 2016 (Oshadega Invite)
360,6,Bird,13,7/9/2016,Love Tractor,Mixed,TCT Elite-Select Challenge 2016 (Oshadega Invite)
374,8,Love Tractor,12,7/10/2016,Steamboat,Mixed,TCT Elite-Select Challenge 2016 (Oshadega Invite)
376,8,Birdfruit,10,7/10/2016,Steamboat,Mixed,TCT Elite-Select Challenge 2016 (Oshadega Invite)
377,13,Love Tractor,11,7/10/2016,Bucket,Mixed,TCT Elite-Select Challenge 2016 (Oshadega Invite)
379,12,The Chad Larson Experience,7,7/10/2016,UPA,Mixed,TCT Elite-Select Challenge 2016 (Oshadega Invite)
380,11,Bird,12,7/9/2016,Birdfruit,Mixed,TCT Elite-Select Challenge 2016 (Oshadega Invite)
381,9,Jughandle,13,7/9/2016,Love Tractor,Mixed,TCT Elite-Select Challenge 2016 (Oshadega Invite)
384,13,The Chad Larson Experience,6,7/10/2016,Love Tractor,Mixed,TCT Elite-Select Challenge 2016 (Oshadega Invite)
385,13,AMP,7,7/10/2016,Birdfruit,Mixed,TCT Elite-Select Challenge 2016 (Oshadega Invite)
386,10,Bucket,11,7/10/2016,Birdfruit,Mixed,TCT Elite-Select Challenge 2016 (Oshadega Invite)
387,6,UPA,13,7/10/2016,AMP,Mixed,TCT Elite-Select Challenge 2016 (Oshadega Invite)
388,11,UPA,9,7/10/2016,Bucket,Mixed,TCT Elite-Select Challenge 2016 (Oshadega Invite)
390,13,Jughandle,9,7/10/2016,Bird,Mixed,TCT Elite-Select Challenge 2016 (Oshadega Invite)
585,15,Metro North,13,7/1/2016,Drag'n Thrust,Mixed,US Open Ultimate Championships
586,10,UNION,12,7/1/2016,Polar Bears,Mixed,US Open Ultimate Championships
588,5,UNION,13,7/1/2016,Drag'n Thrust,Mixed,US Open Ultimate Championships
589,15,AMP,9,7/1/2016,Polar Bears,Mixed,US Open Ultimate Championships
591,9,Polar Bears,15,7/1/2016,Drag'n Thrust,Mixed,US Open Ultimate Championships
592,13,AMP,15,7/1/2016,Metro North,Mixed,US Open Ultimate Championships
594,11,AMP,12,7/2/2016,Drag'n Thrust,Mixed,US Open Ultimate Championships
596,6,UNION,15,7/2/2016,Metro North,Mixed,US Open Ultimate Championships
598,11,Metro North,13,7/2/2016,Polar Bears,Mixed,US Open Ultimate Championships
599,6,UNION,15,7/2/2016,AMP,Mixed,US Open Ultimate Championships
600,7,Ambiguous Grey,15,7/1/2016,Seattle Mixtape,Mixed,US Open Ultimate Championships
601,11,NOISE,15,7/1/2016,Slow White,Mixed,US Open Ultimate Championships
603,13,NOISE,15,7/1/2016,Seattle Mixtape,Mixed,US Open Ultimate Championships
604,8,Wild Card,15,7/1/2016,Slow White,Mixed,US Open Ultimate Championships
606,12,Slow White,15,7/1/2016,Seattle Mixtape,Mixed,US Open Ultimate Championships
607,15,Wild Card,11,7/1/2016,Ambiguous Grey,Mixed,US Open Ultimate Championships
609,11,Wild Card,13,7/2/2016,Seattle Mixtape,Mixed,US Open Ultimate Championships
611,15,NOISE,9,7/2/2016,Ambiguous Grey,Mixed,US Open Ultimate Championships
613,10,Ambiguous Grey,15,7/2/2016,Slow White,Mixed,US Open Ultimate Championships
614,15,NOISE,14,7/2/2016,Wild Card,Mixed,US Open Ultimate Championships
615,10,Seattle Mixtape,15,7/4/2016,Slow White,Mixed,US Open Ultimate Championships
616,15,Slow White,10,7/3/2016,Metro North,Mixed,US Open Ultimate Championships
617,15,Seattle Mixtape,14,7/3/2016,Drag'n Thrust,Mixed,US Open Ultimate Championships
618,8,NOISE,13,7/3/2016,AMP,Mixed,US Open Ultimate Championships
619,12,Wild Card,14,7/3/2016,AMP,Mixed,US Open Ultimate Championships
620,15,NOISE,7,7/3/2016,Polar Bears,Mixed,US Open Ultimate Championships
621,14,Polar Bears,12,7/3/2016,Wild Card,Mixed,US Open Ultimate Championships
622,14,Ambiguous Grey,12,7/3/2016,UNION,Mixed,US Open Ultimate Championships
708,9,Fifth Element,13,6/25/2016,Hairy Otter,Mixed,Huckfest 2016
711,2,Fifth Element,13,6/26/2016,Thoroughbred,Mixed,Huckfest 2016
714,4,Hairy Otter,13,6/26/2016,Thoroughbred,Mixed,Huckfest 2016
880,9,Titan NE,15,6/25/2016,Wild Card,Mixed,Boston Invite 2016
881,9,Titan NE,15,6/25/2016,Slow White,Mixed,Boston Invite 2016
885,6,UNION,15,6/25/2016,Slow White,Mixed,Boston Invite 2016
886,8,Wild Card,15,6/25/2016,Metro North,Mixed,Boston Invite 2016
891,10,Titan NE,15,6/25/2016,Metro North,Mixed,Boston Invite 2016
893,14,Titan NE,13,6/26/2016,UNION,Mixed,Boston Invite 2016
896,13,Wild Card,15,6/26/2016,Slow White,Mixed,Boston Invite 2016
899,15,UNION,17,6/26/2016,Metro North,Mixed,Boston Invite 2016
901,9,Metro North,15,6/26/2016,Slow White,Mixed,Boston Invite 2016
902,9,UNION,15,6/26/2016,Wild Card,Mixed,Boston Invite 2016
1035,1,First Order,13,6/25/2016,Toro,Mixed,Summer Glazed Daze 2016
1036,12,Sir Walter Rowdy,11,6/25/2016,Legion,Mixed,Summer Glazed Daze 2016
1037,5,Legion,13,6/25/2016,Toro,Mixed,Summer Glazed Daze 2016
1038,8,Sir Walter Rowdy,13,6/25/2016,Swamp Rabbit,Mixed,Summer Glazed Daze 2016
1039,0,First Order,13,6/25/2016,Sir Walter Rowdy,Mixed,Summer Glazed Daze 2016
1040,8,Legion,13,6/25/2016,Swamp Rabbit,Mixed,Summer Glazed Daze 2016
1041,2,Sir Walter Rowdy,13,6/25/2016,Toro,Mixed,Summer Glazed Daze 2016
1042,1,First Order,13,6/25/2016,Swamp Rabbit,Mixed,Summer Glazed Daze 2016
1043,9,Swamp Rabbit,13,6/25/2016,Toro,Mixed,Summer Glazed Daze 2016
1044,7,First Order,13,6/25/2016,Legion,Mixed,Summer Glazed Daze 2016
1045,9,Lord Fairfax,13,6/25/2016,Pluff Mud Panic,Mixed,Summer Glazed Daze 2016
1046,7,Boxcar,13,6/25/2016,The Hucking Dead,Mixed,Summer Glazed Daze 2016
1047,7,The Hucking Dead,13,6/25/2016,Pluff Mud Panic,Mixed,Summer Glazed Daze 2016
1048,3,Boxcar,13,6/25/2016,American Hyperbole,Mixed,Summer Glazed Daze 2016
1049,8,Lord Fairfax,13,6/25/2016,Boxcar,Mixed,Summer Glazed Daze 2016
1050,6,The Hucking Dead,13,6/25/2016,American Hyperbole,Mixed,Summer Glazed Daze 2016
1051,10,Boxcar,12,6/25/2016,Pluff Mud Panic,Mixed,Summer Glazed Daze 2016
1052,4,Lord Fairfax,13,6/25/2016,American Hyperbole,Mixed,Summer Glazed Daze 2016
1053,13,American Hyperbole,7,6/25/2016,Pluff Mud Panic,Mixed,Summer Glazed Daze 2016
1054,11,Lord Fairfax,13,6/25/2016,The Hucking Dead,Mixed,Summer Glazed Daze 2016
1055,5,Throws of Passion,17,6/25/2016,Charlotte Storm,Mixed,Summer Glazed Daze 2016
1056,8,Carolina Reign,16,6/25/2016,Tyrannis,Mixed,Summer Glazed Daze 2016
1057,10,Carolina Reign,17,6/25/2016,Charlotte Storm,Mixed,Summer Glazed Daze 2016
1058,10,Throws of Passion,11,6/25/2016,Tyrannis,Mixed,Summer Glazed Daze 2016
1059,8,Tyrannis,15,6/25/2016,Charlotte Storm,Mixed,Summer Glazed Daze 2016
1060,17,Carolina Reign,7,6/25/2016,Throws of Passion,Mixed,Summer Glazed Daze 2016
1061,15,Malice in Wonderland,11,6/25/2016,Cahoots,Mixed,Summer Glazed Daze 2016
1062,5,Stormborn,17,6/25/2016,Jared Lorenzen Project,Mixed,Summer Glazed Daze 2016
1063,4,Stormborn,17,6/25/2016,Cahoots,Mixed,Summer Glazed Daze 2016
1064,11,Malice in Wonderland,16,6/25/2016,Jared Lorenzen Project,Mixed,Summer Glazed Daze 2016
1065,11,Jared Lorenzen Project,10,6/25/2016,Cahoots,Mixed,Summer Glazed Daze 2016
1066,5,Stormborn,16,6/25/2016,Malice in Wonderland,Mixed,Summer Glazed Daze 2016
1067,14,Charlotte Storm,12,6/26/2016,Jared Lorenzen Project,Mixed,Summer Glazed Daze 2016
1068,13,Jared Lorenzen Project,12,6/26/2016,Toro,Mixed,Summer Glazed Daze 2016
1069,9,American Hyperbole,15,6/26/2016,Charlotte Storm,Mixed,Summer Glazed Daze 2016
1070,12,Pluff Mud Panic,15,6/26/2016,Toro,Mixed,Summer Glazed Daze 2016
1071,15,Jared Lorenzen Project,9,6/26/2016,Tyrannis,Mixed,Summer Glazed Daze 2016
1072,15,Charlotte Storm,11,6/26/2016,Malice in Wonderland,Mixed,Summer Glazed Daze 2016
1073,15,American Hyperbole,11,6/26/2016,Cahoots,Mixed,Summer Glazed Daze 2016
1074,11,Carolina Reign,13,6/26/2016,Pluff Mud Panic,Mixed,Summer Glazed Daze 2016
1075,10,The Hucking Dead,15,6/26/2016,Tyrannis,Mixed,Summer Glazed Daze 2016
1076,9,Sir Walter Rowdy,13,6/26/2016,Malice in Wonderland,Mixed,Summer Glazed Daze 2016
1077,15,Cahoots,13,6/26/2016,Swamp Rabbit,Mixed,Summer Glazed Daze 2016
1078,8,American Hyperbole,11,6/26/2016,Toro,Mixed,Summer Glazed Daze 2016
1079,1,Cahoots,0,6/26/2016,Pluff Mud Panic,Mixed,Summer Glazed Daze 2016
1080,8,Malice in Wonderland,15,6/26/2016,Pluff Mud Panic,Mixed,Summer Glazed Daze 2016
1081,15,Cahoots,14,6/26/2016,Tyrannis,Mixed,Summer Glazed Daze 2016
1082,10,Tyrannis,8,6/26/2016,Malice in Wonderland,Mixed,Summer Glazed Daze 2016
1083,15,Carolina Reign,11,6/26/2016,Swamp Rabbit,Mixed,Summer Glazed Daze 2016
1084,13,Carolina Reign,11,6/26/2016,Sir Walter Rowdy,Mixed,Summer Glazed Daze 2016
1085,9,The Hucking Dead,14,6/26/2016,Swamp Rabbit,Mixed,Summer Glazed Daze 2016
1086,9,Sir Walter Rowdy,11,6/26/2016,The Hucking Dead,Mixed,Summer Glazed Daze 2016
1087,13,Boxcar,9,6/26/2016,Legion,Mixed,Summer Glazed Daze 2016
1088,15,Legion,7,6/26/2016,Stormborn,Mixed,Summer Glazed Daze 2016
1089,14,Boxcar,11,6/26/2016,Throws of Passion,Mixed,Summer Glazed Daze 2016
1090,15,Stormborn,10,6/26/2016,First Order,Mixed,Summer Glazed Daze 2016
1091,15,Throws of Passion,9,6/26/2016,Lord Fairfax,Mixed,Summer Glazed Daze 2016
1092,15,Throws of Passion,7,6/26/2016,Stormborn,Mixed,Summer Glazed Daze 2016
1093,15,Lord Fairfax,6,6/26/2016,First Order,Mixed,Summer Glazed Daze 2016
1235,5,Mad Udderburn,13,8/20/2016,NOISE,Mixed,Cooler Classic 28
1236,10,panIC,13,8/20/2016,Minnesota Star Power,Mixed,Cooler Classic 28
1237,4,No Touching,13,8/20/2016,NOISE,Mixed,Cooler Classic 28
1238,13,Mad Udderburn,11,8/20/2016,panIC,Mixed,Cooler Classic 28
1239,13,panIC,10,8/20/2016,No Touching,Mixed,Cooler Classic 28
1240,2,Mad Udderburn,13,8/20/2016,Minnesota Star Power,Mixed,Cooler Classic 28
1241,4,panIC,13,8/20/2016,NOISE,Mixed,Cooler Classic 28
1242,13,No Touching,8,8/20/2016,Minnesota Star Power,Mixed,Cooler Classic 28
1243,7,Minnesota Star Power,9,8/20/2016,NOISE,Mixed,Cooler Classic 28
1244,9,Mad Udderburn,12,8/20/2016,No Touching,Mixed,Cooler Classic 28
1245,13,Chalice,9,8/20/2016,Des Moines Metro,Mixed,Cooler Classic 28
1246,13,Risky Business,11,8/20/2016,Coalition Ultimate,Mixed,Cooler Classic 28
1247,11,Risky Business,13,8/20/2016,Des Moines Metro,Mixed,Cooler Classic 28
1248,13,Chalice,5,8/20/2016,Coalition Ultimate,Mixed,Cooler Classic 28
1249,8,Coalition Ultimate,13,8/20/2016,Des Moines Metro,Mixed,Cooler Classic 28
1250,5,Risky Business,13,8/20/2016,Chalice,Mixed,Cooler Classic 28
1251,13,Mastodon,8,8/20/2016,Wingdings,Mixed,Cooler Classic 28
1252,8,ELevate,13,8/20/2016,Mojo Jojo,Mixed,Cooler Classic 28
1253,13,ELevate,9,8/20/2016,Wingdings,Mixed,Cooler Classic 28
1254,13,Mastodon,7,8/20/2016,Mojo Jojo,Mixed,Cooler Classic 28
1255,11,Mojo Jojo,7,8/20/2016,Wingdings,Mixed,Cooler Classic 28
1256,7,ELevate,13,8/20/2016,Mastodon,Mixed,Cooler Classic 28
1257,13,Toast,10,8/20/2016,Skyhawks,Mixed,Cooler Classic 28
1258,5,Doppler Effect,13,8/20/2016,Spirit Fowl,Mixed,Cooler Classic 28
1259,9,Doppler Effect,11,8/20/2016,Skyhawks,Mixed,Cooler Classic 28
1260,12,Toast,13,8/20/2016,Spirit Fowl,Mixed,Cooler Classic 28
1261,12,Spirit Fowl,9,8/20/2016,Skyhawks,Mixed,Cooler Classic 28
1262,7,Doppler Effect,13,8/20/2016,Toast,Mixed,Cooler Classic 28
1263,7,Stackcats,13,8/20/2016,Free Ride,Mixed,Cooler Classic 28
1264,12,Jabba the Huck,14,8/20/2016,The Abusement Park,Mixed,Cooler Classic 28
1265,8,Jabba the Huck,13,8/20/2016,Free Ride,Mixed,Cooler Classic 28
1266,9,Stackcats,13,8/20/2016,The Abusement Park,Mixed,Cooler Classic 28
1267,13,The Abusement Park,7,8/20/2016,Free Ride,Mixed,Cooler Classic 28
1268,8,Jabba the Huck,10,8/20/2016,Stackcats,Mixed,Cooler Classic 28
1269,12,Spirit Fowl,9,8/20/2016,Wingdings,Mixed,Cooler Classic 28
1270,6,The Abusement Park,8,8/20/2016,Coalition Ultimate,Mixed,Cooler Classic 28
1271,7,Free Ride,13,8/20/2016,Toast,Mixed,Cooler Classic 28
1272,10,Stackcats,11,8/20/2016,Doppler Effect,Mixed,Cooler Classic 28
1273,10,Jabba the Huck,9,8/20/2016,Skyhawks,Mixed,Cooler Classic 28
1274,12,No Touching,14,8/21/2016,NOISE,Mixed,Cooler Classic 28
1275,9,panIC,15,8/21/2016,NOISE,Mixed,Cooler Classic 28
1276,12,No Touching,10,8/21/2016,Minnesota Star Power,Mixed,Cooler Classic 28
1277,15,NOISE,9,8/21/2016,Des Moines Metro,Mixed,Cooler Classic 28
1278,15,panIC,6,8/21/2016,Mad Udderburn,Mixed,Cooler Classic 28
1279,11,Minnesota Star Power,8,8/21/2016,Chalice,Mixed,Cooler Classic 28
1280,7,Risky Business,15,8/21/2016,No Touching,Mixed,Cooler Classic 28
1281,9,Mojo Jojo,11,8/20/2016,Des Moines Metro,Mixed,Cooler Classic 28
1282,6,ELevate,10,8/20/2016,Chalice,Mixed,Cooler Classic 28
1283,9,Mastodon,10,8/20/2016,Risky Business,Mixed,Cooler Classic 28
1284,10,Minnesota Star Power,9,8/21/2016,panIC,Mixed,Cooler Classic 28
1285,0,Des Moines Metro,1,8/21/2016,Chalice,Mixed,Cooler Classic 28
1286,6,Risky Business,14,8/21/2016,Chalice,Mixed,Cooler Classic 28
1287,11,Mad Udderburn,13,8/21/2016,Des Moines Metro,Mixed,Cooler Classic 28
1288,7,Spirit Fowl,15,8/21/2016,Chalice,Mixed,Cooler Classic 28
1289,14,Risky Business,13,8/21/2016,Toast,Mixed,Cooler Classic 28
1290,15,Des Moines Metro,3,8/21/2016,Mastodon,Mixed,Cooler Classic 28
1291,12,Mad Udderburn,7,8/21/2016,Wingdings,Mixed,Cooler Classic 28
1292,9,Coalition Ultimate,14,8/21/2016,Spirit Fowl,Mixed,Cooler Classic 28
1293,13,Toast,9,8/21/2016,Mojo Jojo,Mixed,Cooler Classic 28
1294,5,The Abusement Park,15,8/21/2016,Mastodon,Mixed,Cooler Classic 28
1295,12,Wingdings,10,8/21/2016,ELevate,Mixed,Cooler Classic 28
1296,1,Mad Udderburn,0,8/21/2016,Risky Business,Mixed,Cooler Classic 28
1297,15,Mastodon,8,8/21/2016,Toast,Mixed,Cooler Classic 28
1298,1,Toast,0,8/21/2016,Spirit Fowl,Mixed,Cooler Classic 28
1299,11,Wingdings,13,8/21/2016,Mastodon,Mixed,Cooler Classic 28
1300,1,Wingdings,0,8/21/2016,Spirit Fowl,Mixed,Cooler Classic 28
1301,0,Free Ride,1,8/21/2016,Mojo Jojo,Mixed,Cooler Classic 28
1302,13,Mojo Jojo,9,8/21/2016,Coalition Ultimate,Mixed,Cooler Classic 28
1303,12,Free Ride,11,8/21/2016,ELevate,Mixed,Cooler Classic 28
1304,10,Stackcats,15,8/21/2016,Coalition Ultimate,Mixed,Cooler Classic 28
1305,10,Jabba the Huck,13,8/21/2016,Mojo Jojo,Mixed,Cooler Classic 28
1306,7,Doppler Effect,15,8/21/2016,ELevate,Mixed,Cooler Classic 28
1307,13,Free Ride,10,8/21/2016,The Abusement Park,Mixed,Cooler Classic 28
1308,15,Stackcats,10,8/21/2016,Skyhawks,Mixed,Cooler Classic 28
1309,6,ELevate,11,8/21/2016,Coalition Ultimate,Mixed,Cooler Classic 28
1310,13,Stackcats,10,8/21/2016,The Abusement Park,Mixed,Cooler Classic 28
1311,11,Doppler Effect,12,8/21/2016,Jabba the Huck,Mixed,Cooler Classic 28
1312,10,The Chad Larson Experience,13,8/20/2016,Slow White,Mixed,TCT Pro Flight Finale 2016 (Cascadia Classic)
1313,9,Love Tractor,13,8/20/2016,Drag'n Thrust,Mixed,TCT Pro Flight Finale 2016 (Cascadia Classic)
1314,13,Polar Bears,11,8/20/2016,Love Tractor,Mixed,TCT Pro Flight Finale 2016 (Cascadia Classic)
1315,9,The Chad Larson Experience,13,8/20/2016,Drag'n Thrust,Mixed,TCT Pro Flight Finale 2016 (Cascadia Classic)
1316,9,Love Tractor,13,8/20/2016,Slow White,Mixed,TCT Pro Flight Finale 2016 (Cascadia Classic)
1317,11,Polar Bears,13,8/20/2016,Drag'n Thrust,Mixed,TCT Pro Flight Finale 2016 (Cascadia Classic)
1318,9,Drag'n Thrust,13,8/20/2016,Slow White,Mixed,TCT Pro Flight Finale 2016 (Cascadia Classic)
1319,8,Polar Bears,13,8/20/2016,The Chad Larson Experience,Mixed,TCT Pro Flight Finale 2016 (Cascadia Classic)
1320,5,Polar Bears,13,8/20/2016,Slow White,Mixed,TCT Pro Flight Finale 2016 (Cascadia Classic)
1321,11,Love Tractor,13,8/20/2016,The Chad Larson Experience,Mixed,TCT Pro Flight Finale 2016 (Cascadia Classic)
1322,9,Metro North,13,8/20/2016,AMP,Mixed,TCT Pro Flight Finale 2016 (Cascadia Classic)
1323,5,Blackbird,13,8/20/2016,Seattle Mixtape,Mixed,TCT Pro Flight Finale 2016 (Cascadia Classic)
1324,10,Birdfruit,13,8/20/2016,Blackbird,Mixed,TCT Pro Flight Finale 2016 (Cascadia Classic)
1325,11,Metro North,13,8/20/2016,Seattle Mixtape,Mixed,TCT Pro Flight Finale 2016 (Cascadia Classic)
1326,10,Blackbird,13,8/20/2016,AMP,Mixed,TCT Pro Flight Finale 2016 (Cascadia Classic)
1327,4,Birdfruit,13,8/20/2016,Seattle Mixtape,Mixed,TCT Pro Flight Finale 2016 (Cascadia Classic)
1328,7,Seattle Mixtape,13,8/20/2016,AMP,Mixed,TCT Pro Flight Finale 2016 (Cascadia Classic)
1329,9,Birdfruit,13,8/20/2016,Metro North,Mixed,TCT Pro Flight Finale 2016 (Cascadia Classic)
1330,7,Birdfruit,13,8/20/2016,AMP,Mixed,TCT Pro Flight Finale 2016 (Cascadia Classic)
1331,9,Blackbird,11,8/20/2016,Metro North,Mixed,TCT Pro Flight Finale 2016 (Cascadia Classic)
1332,13,AMP,9,8/21/2016,Slow White,Mixed,TCT Pro Flight Finale 2016 (Cascadia Classic)
1333,9,The Chad Larson Experience,13,8/21/2016,Slow White,Mixed,TCT Pro Flight Finale 2016 (Cascadia Classic)
1334,13,AMP,7,8/21/2016,Drag'n Thrust,Mixed,TCT Pro Flight Finale 2016 (Cascadia Classic)
1335,14,The Chad Larson Experience,13,8/21/2016,Seattle Mixtape,Mixed,TCT Pro Flight Finale 2016 (Cascadia Classic)
1336,9,Metro North,13,8/21/2016,Drag'n Thrust,Mixed,TCT Pro Flight Finale 2016 (Cascadia Classic)
1337,14,Drag'n Thrust,12,8/21/2016,The Chad Larson Experience,Mixed,TCT Pro Flight Finale 2016 (Cascadia Classic)
1338,6,Metro North,13,8/21/2016,Seattle Mixtape,Mixed,TCT Pro Flight Finale 2016 (Cascadia Classic)
1339,8,Love Tractor,13,8/21/2016,Polar Bears,Mixed,TCT Pro Flight Finale 2016 (Cascadia Classic)
1340,12,Birdfruit,14,8/21/2016,Polar Bears,Mixed,TCT Pro Flight Finale 2016 (Cascadia Classic)
1341,13,Love Tractor,7,8/21/2016,Blackbird,Mixed,TCT Pro Flight Finale 2016 (Cascadia Classic)
1342,13,Birdfruit,4,8/21/2016,Blackbird,Mixed,TCT Pro Flight Finale 2016 (Cascadia Classic)
1375,4,Liquid Hustle B,11,8/14/2016,Columbus Cocktails,Mixed,Goose Lee Round Robin 2016
1376,3,Thunderpants the Magic Dragon,11,8/14/2016,Goose Lee,Mixed,Goose Lee Round Robin 2016
1377,6,Goose Lee,11,8/14/2016,Columbus Cocktails,Mixed,Goose Lee Round Robin 2016
1378,5,Thunderpants the Magic Dragon,11,8/14/2016,Los  Heros,Mixed,Goose Lee Round Robin 2016
1379,11,Liquid Hustle B,3,8/14/2016,Thunderpants the Magic Dragon,Mixed,Goose Lee Round Robin 2016
1380,10,Goose Lee,7,8/14/2016,Los  Heros,Mixed,Goose Lee Round Robin 2016
1381,3,Thunderpants the Magic Dragon,11,8/14/2016,Columbus Cocktails,Mixed,Goose Lee Round Robin 2016
1382,11,Liquid Hustle B,9,8/14/2016,Los  Heros,Mixed,Goose Lee Round Robin 2016
1383,7,Los  Heros,11,8/14/2016,Columbus Cocktails,Mixed,Goose Lee Round Robin 2016
1384,3,Liquid Hustle B,11,8/14/2016,Goose Lee,Mixed,Goose Lee Round Robin 2016
1399,8,Moonshine,12,8/13/2016,The Hucking Dead,Mixed,HoDown XX 2016
1400,11,Carolina Reign,10,8/13/2016,LoveShack,Mixed,HoDown XX 2016
1401,2,Carolina Reign,13,8/13/2016,Bucket,Mixed,HoDown XX 2016
1402,11,The Hucking Dead,7,8/13/2016,LoveShack,Mixed,HoDown XX 2016
1403,1,Moonshine,13,8/13/2016,Bucket,Mixed,HoDown XX 2016
1404,10,The Hucking Dead,6,8/13/2016,Carolina Reign,Mixed,HoDown XX 2016
1405,2,The Hucking Dead,12,8/13/2016,Bucket,Mixed,HoDown XX 2016
1406,7,Moonshine,12,8/13/2016,LoveShack,Mixed,HoDown XX 2016
1407,7,LoveShack,11,8/13/2016,Bucket,Mixed,HoDown XX 2016
1408,8,Moonshine,5,8/13/2016,Carolina Reign,Mixed,HoDown XX 2016
1409,9,Fifth Element,11,8/13/2016,Trash Pandas,Mixed,HoDown XX 2016
1410,12,Murmur,6,8/13/2016,Swamp Rabbit,Mixed,HoDown XX 2016
1411,10,Murmur,8,8/13/2016,G-Unit,Mixed,HoDown XX 2016
1412,8,Trash Pandas,9,8/13/2016,Swamp Rabbit,Mixed,HoDown XX 2016
1413,3,Fifth Element,11,8/13/2016,G-Unit,Mixed,HoDown XX 2016
1414,6,Trash Pandas,9,8/13/2016,Murmur,Mixed,HoDown XX 2016
1415,4,Trash Pandas,9,8/13/2016,G-Unit,Mixed,HoDown XX 2016
1416,3,Fifth Element,10,8/13/2016,Swamp Rabbit,Mixed,HoDown XX 2016
1417,7,Swamp Rabbit,8,8/13/2016,G-Unit,Mixed,HoDown XX 2016
1418,5,Fifth Element,9,8/13/2016,Murmur,Mixed,HoDown XX 2016
1419,4,Boxcar,13,8/13/2016,Liquid Hustle,Mixed,HoDown XX 2016
1420,5,Hairy Otter,13,8/13/2016,Cahoots,Mixed,HoDown XX 2016
1421,5,Hairy Otter,13,8/13/2016,Liquid Hustle,Mixed,HoDown XX 2016
1422,4,Boxcar,13,8/13/2016,Cahoots,Mixed,HoDown XX 2016
1423,13,Cahoots,7,8/13/2016,Liquid Hustle,Mixed,HoDown XX 2016
1424,12,Hairy Otter,7,8/13/2016,Boxcar,Mixed,HoDown XX 2016
1425,5,Malice in Wonderland,9,8/13/2016,Pluff Mud Panic,Mixed,HoDown XX 2016
1426,7,Sir Walter Rowdy,12,8/13/2016,Jared Lorenzen Project,Mixed,HoDown XX 2016
1427,7,Sir Walter Rowdy,9,8/13/2016,Pluff Mud Panic,Mixed,HoDown XX 2016
1428,8,Malice in Wonderland,9,8/13/2016,Jared Lorenzen Project,Mixed,HoDown XX 2016
1429,7,Jared Lorenzen Project,9,8/13/2016,Pluff Mud Panic,Mixed,HoDown XX 2016
1430,1,Sir Walter Rowdy,8,8/13/2016,Malice in Wonderland,Mixed,HoDown XX 2016
1431,3,The Hucking Dead,11,8/14/2016,Bucket,Mixed,HoDown XX 2016
1432,8,Pluff Mud Panic,15,8/14/2016,Bucket,Mixed,HoDown XX 2016
1433,11,The Hucking Dead,8,8/14/2016,Jared Lorenzen Project,Mixed,HoDown XX 2016
1434,13,Pluff Mud Panic,7,8/14/2016,Liquid Hustle,Mixed,HoDown XX 2016
1435,8,Cahoots,9,8/14/2016,Jared Lorenzen Project,Mixed,HoDown XX 2016
1436,11,Murmur,12,8/14/2016,The Hucking Dead,Mixed,HoDown XX 2016
1437,10,Bucket,7,8/14/2016,G-Unit,Mixed,HoDown XX 2016
1438,7,Sir Walter Rowdy,14,8/14/2016,G-Unit,Mixed,HoDown XX 2016
1439,9,Malice in Wonderland,10,8/14/2016,The Hucking Dead,Mixed,HoDown XX 2016
1440,9,Swamp Rabbit,14,8/14/2016,Liquid Hustle,Mixed,HoDown XX 2016
1441,13,LoveShack,14,8/14/2016,Jared Lorenzen Project,Mixed,HoDown XX 2016
1442,9,Sir Walter Rowdy,7,8/13/2016,Hairy Otter,Mixed,HoDown XX 2016
1443,8,Boxcar,11,8/13/2016,Malice in Wonderland,Mixed,HoDown XX 2016
1444,1,Pluff Mud Panic,0,8/14/2016,Jared Lorenzen Project,Mixed,HoDown XX 2016
1446,7,Murmur,8,8/14/2016,Liquid Hustle,Mixed,HoDown XX 2016
1447,9,Cahoots,8,8/14/2016,G-Unit,Mixed,HoDown XX 2016
1448,6,Swamp Rabbit,11,8/14/2016,Sir Walter Rowdy,Mixed,HoDown XX 2016
1449,10,LoveShack,11,8/14/2016,Sir Walter Rowdy,Mixed,HoDown XX 2016
1450,12,Swamp Rabbit,9,8/14/2016,Malice in Wonderland,Mixed,HoDown XX 2016
1451,9,Trash Pandas,8,8/14/2016,Carolina Reign,Mixed,HoDown XX 2016
1452,14,Carolina Reign,9,8/14/2016,Boxcar,Mixed,HoDown XX 2016
1453,10,Trash Pandas,7,8/14/2016,Hairy Otter,Mixed,HoDown XX 2016
1454,5,Fifth Element,11,8/14/2016,Boxcar,Mixed,HoDown XX 2016
1455,10,Moonshine,12,8/14/2016,Hairy Otter,Mixed,HoDown XX 2016
1456,13,Moonshine,7,8/14/2016,Fifth Element,Mixed,HoDown XX 2016
1502,7,Des Moines Metro,13,8/13/2016,Steamboat,Mixed,TCT Select Flight Invite 2016
1509,9,Thoroughbred,8,8/13/2016,UNION,Mixed,TCT Select Flight Invite 2016
1512,7,Tequila Mockingbird,11,8/13/2016,Swing State,Mixed,TCT Select Flight Invite 2016
1513,13,Bird,10,8/13/2016,panIC,Mixed,TCT Select Flight Invite 2016
1514,7,Tequila Mockingbird,12,8/13/2016,panIC,Mixed,TCT Select Flight Invite 2016
1515,8,Bird,10,8/13/2016,Swing State,Mixed,TCT Select Flight Invite 2016
1516,11,Swing State,10,8/13/2016,panIC,Mixed,TCT Select Flight Invite 2016
1517,5,Tequila Mockingbird,13,8/13/2016,Bird,Mixed,TCT Select Flight Invite 2016
1520,10,Minnesota Star Power,8,8/13/2016,Prion,Mixed,TCT Select Flight Invite 2016
1524,7,Swing State,13,8/14/2016,Steamboat,Mixed,TCT Select Flight Invite 2016
1525,9,Bird,12,8/14/2016,Steamboat,Mixed,TCT Select Flight Invite 2016
1526,7,Des Moines Metro,13,8/14/2016,Swing State,Mixed,TCT Select Flight Invite 2016
1528,12,Bird,8,8/14/2016,Minnesota Star Power,Mixed,TCT Select Flight Invite 2016
1529,9,Prion,13,8/14/2016,Swing State,Mixed,TCT Select Flight Invite 2016
1530,13,Des Moines Metro,9,8/14/2016,Thoroughbred,Mixed,TCT Select Flight Invite 2016
1531,13,Des Moines Metro,8,8/14/2016,Bird,Mixed,TCT Select Flight Invite 2016
1532,8,Thoroughbred,13,8/14/2016,Minnesota Star Power,Mixed,TCT Select Flight Invite 2016
1534,12,Thoroughbred,11,8/14/2016,Prion,Mixed,TCT Select Flight Invite 2016
1641,10,Coalition Ultimate,15,8/13/2016,No Touching,Mixed,Miller Invite 2016
1643,8,Coalition Ultimate,13,8/13/2016,Mojo Jojo,Mixed,Miller Invite 2016
1644,9,Spirit Fowl,15,8/13/2016,Coalition Ultimate,Mixed,Miller Invite 2016
1645,15,No Touching,7,8/13/2016,Mojo Jojo,Mixed,Miller Invite 2016
1647,12,Spirit Fowl,13,8/13/2016,Mojo Jojo,Mixed,Miller Invite 2016
1649,6,Spirit Fowl,15,8/13/2016,No Touching,Mixed,Miller Invite 2016
1786,8,Titan NE,13,8/13/2016,AMP,Mixed,Chesapeake Open 2016
1787,5,Sparkle Ponies,13,8/13/2016,AMP,Mixed,Chesapeake Open 2016
1788,7,Titan NE,12,8/13/2016,Charlotte Storm,Mixed,Chesapeake Open 2016
1789,10,Sparkle Ponies,7,8/13/2016,Charlotte Storm,Mixed,Chesapeake Open 2016
1790,8,Sparkle Ponies,6,8/13/2016,Titan NE,Mixed,Chesapeake Open 2016
1791,8,Charlotte Storm,12,8/13/2016,AMP,Mixed,Chesapeake Open 2016
1792,10,Bang!,13,8/13/2016,Ambiguous Grey,Mixed,Chesapeake Open 2016
1793,13,Toro,9,8/13/2016,Ambiguous Grey,Mixed,Chesapeake Open 2016
1796,12,Toro,13,8/13/2016,Bang!,Mixed,Chesapeake Open 2016
1798,13,MxD,7,8/13/2016,Clue,Mixed,Chesapeake Open 2016
1799,7,Grand Army.,9,8/13/2016,Los Penguinos,Mixed,Chesapeake Open 2016
1800,13,Los Penguinos,12,8/13/2016,Clue,Mixed,Chesapeake Open 2016
1801,8,Grand Army.,13,8/13/2016,Ant Madness,Mixed,Chesapeake Open 2016
1802,13,MxD,7,8/13/2016,Grand Army.,Mixed,Chesapeake Open 2016
1803,9,Los Penguinos,12,8/13/2016,Ant Madness,Mixed,Chesapeake Open 2016
1804,8,Grand Army.,11,8/13/2016,Clue,Mixed,Chesapeake Open 2016
1805,13,MxD,8,8/13/2016,Ant Madness,Mixed,Chesapeake Open 2016
1806,6,Ant Madness,13,8/13/2016,Clue,Mixed,Chesapeake Open 2016
1807,13,MxD,9,8/13/2016,Los Penguinos,Mixed,Chesapeake Open 2016
1808,13,Distelfink,12,8/13/2016,Dub Club,Mixed,Chesapeake Open 2016
1811,10,Tyrannis,9,8/13/2016,American Hyperbole,Mixed,Chesapeake Open 2016
1812,7,Distelfink,12,8/13/2016,Tyrannis,Mixed,Chesapeake Open 2016
1814,9,Tyrannis,10,8/13/2016,Dub Club,Mixed,Chesapeake Open 2016
1815,7,Distelfink,13,8/13/2016,American Hyperbole,Mixed,Chesapeake Open 2016
1816,11,American Hyperbole,12,8/13/2016,Dub Club,Mixed,Chesapeake Open 2016
1818,7,Bang!,13,8/13/2016,AMP,Mixed,Chesapeake Open 2016
1819,13,Charlotte Storm,12,8/13/2016,Toro,Mixed,Chesapeake Open 2016
1821,3,Titan NE,13,8/13/2016,Ambiguous Grey,Mixed,Chesapeake Open 2016
1823,6,Dub Club,10,8/14/2016,Ant Madness,Mixed,Chesapeake Open 2016
1824,11,Distelfink,8,8/14/2016,Grand Army.,Mixed,Chesapeake Open 2016
1825,9,Dub Club,11,8/14/2016,Grand Army.,Mixed,Chesapeake Open 2016
1826,13,Distelfink,8,8/14/2016,Los Penguinos,Mixed,Chesapeake Open 2016
1828,9,Bang!,13,8/14/2016,AMP,Mixed,Chesapeake Open 2016
1829,4,Ambiguous Grey,13,8/14/2016,AMP,Mixed,Chesapeake Open 2016
1830,12,Bang!,8,8/14/2016,Charlotte Storm,Mixed,Chesapeake Open 2016
1831,6,MxD,13,8/14/2016,AMP,Mixed,Chesapeake Open 2016
1832,9,American Hyperbole,13,8/14/2016,Ambiguous Grey,Mixed,Chesapeake Open 2016
1833,9,Tyrannis,11,8/14/2016,Charlotte Storm,Mixed,Chesapeake Open 2016
1835,12,MxD,8,8/14/2016,Sparkle Ponies,Mixed,Chesapeake Open 2016
1836,13,American Hyperbole,10,8/14/2016,Toro,Mixed,Chesapeake Open 2016
1837,9,Tyrannis,8,8/14/2016,Titan NE,Mixed,Chesapeake Open 2016
1838,12,Clue,13,8/14/2016,Bang!,Mixed,Chesapeake Open 2016
1839,12,Toro,11,8/14/2016,Titan NE,Mixed,Chesapeake Open 2016
1840,9,Titan NE,7,8/14/2016,Clue,Mixed,Chesapeake Open 2016
1841,10,Sparkle Ponies,13,8/14/2016,Toro,Mixed,Chesapeake Open 2016
1842,7,American Hyperbole,11,8/14/2016,Tyrannis,Mixed,Chesapeake Open 2016
1844,8,MxD,13,8/14/2016,American Hyperbole,Mixed,Chesapeake Open 2016
1861,4,Shakedown,13,8/13/2016,UPA,Mixed,Mixed Mixer 2016
1862,10,Stackcats,13,8/13/2016,Boomtown Pandas,Mixed,Mixed Mixer 2016
1863,2,Jabba the Huck,13,8/13/2016,ELevate,Mixed,Mixed Mixer 2016
1864,3,Boomtown Pandas,13,8/13/2016,UPA,Mixed,Mixed Mixer 2016
1865,11,ELevate,5,8/13/2016,Shakedown,Mixed,Mixed Mixer 2016
1866,6,Jabba the Huck,13,8/13/2016,Stackcats,Mixed,Mixed Mixer 2016
1867,4,ELevate,13,8/13/2016,UPA,Mixed,Mixed Mixer 2016
1868,2,Jabba the Huck,13,8/13/2016,Boomtown Pandas,Mixed,Mixed Mixer 2016
1869,6,Stackcats,13,8/13/2016,Shakedown,Mixed,Mixed Mixer 2016
1870,3,Jabba the Huck,13,8/13/2016,UPA,Mixed,Mixed Mixer 2016
1871,11,Shakedown,8,8/13/2016,Boomtown Pandas,Mixed,Mixed Mixer 2016
1872,5,Stackcats,13,8/13/2016,ELevate,Mixed,Mixed Mixer 2016
1873,3,Stackcats,13,8/13/2016,UPA,Mixed,Mixed Mixer 2016
1874,13,ELevate,6,8/13/2016,Boomtown Pandas,Mixed,Mixed Mixer 2016
1875,7,Jabba the Huck,13,8/13/2016,Shakedown,Mixed,Mixed Mixer 2016
1955,8,BITMAP,10,8/6/2016,Buffalo Lake Effect,Mixed,Philly Open 2016
1958,5,BITMAP,11,8/6/2016,Powermove,Mixed,Philly Open 2016
1959,4,I-79,10,8/6/2016,Buffalo Lake Effect,Mixed,Philly Open 2016
1962,3,Buffalo Lake Effect,11,8/6/2016,Powermove,Mixed,Philly Open 2016
1964,6,I-79,11,8/6/2016,Powermove,Mixed,Philly Open 2016
1966,7,I-79,11,8/7/2016,BITMAP,Mixed,Philly Open 2016
1969,2,Norfolkin' Around,11,8/6/2016,Distelfink,Mixed,Philly Open 2016
1970,4,Throws of Passion,11,8/6/2016,Sabotage,Mixed,Philly Open 2016
1972,2,Norfolkin' Around,11,8/6/2016,Jughandle,Mixed,Philly Open 2016
1973,2,Throws of Passion,11,8/6/2016,Distelfink,Mixed,Philly Open 2016
1976,5,Throws of Passion,9,8/6/2016,Jughandle,Mixed,Philly Open 2016
1977,7,Sabotage,10,8/6/2016,Distelfink,Mixed,Philly Open 2016
1978,4,Sabotage,11,8/7/2016,Jughandle,Mixed,Philly Open 2016
1980,3,Norfolkin' Around,11,8/7/2016,Throws of Passion,Mixed,Philly Open 2016
1982,8,Distelfink,9,8/7/2016,Jughandle,Mixed,Philly Open 2016
1983,7,Norfolkin' Around,11,8/7/2016,Sabotage,Mixed,Philly Open 2016
1985,2,Lord Fairfax,10,8/6/2016,Legion,Mixed,Philly Open 2016
1987,2,Stormborn,11,8/6/2016,Legion,Mixed,Philly Open 2016
1988,6,Stormborn,9,8/6/2016,Lord Fairfax,Mixed,Philly Open 2016
2011,11,The Bandits,6,8/6/2016,8 Bit Heroes,Mixed,Philly Open 2016
2014,6,The Bandits,8,8/6/2016,MxD,Mixed,Philly Open 2016
2018,7,8 Bit Heroes,9,8/7/2016,MxD,Mixed,Philly Open 2016
2020,11,The Bandits,9,8/7/2016,Legion,Mixed,Philly Open 2016
2021,11,MxD,3,8/7/2016,Lord Fairfax,Mixed,Philly Open 2016
2042,7,The Bandits,11,8/7/2016,Jughandle,Mixed,Philly Open 2016
2044,8,Lord Fairfax,11,8/7/2016,Legion,Mixed,Philly Open 2016
2045,8,Distelfink,11,8/7/2016,Powermove,Mixed,Philly Open 2016
2048,7,Sabotage,8,8/7/2016,Buffalo Lake Effect,Mixed,Philly Open 2016
2051,7,Throws of Passion,4,8/7/2016,BITMAP,Mixed,Philly Open 2016
2304,8,Bird,13,7/30/2016,NOISE,Mixed,TCT Pro-Elite Challenge 2016 (Colorado Cup)
2305,9,Bird,13,7/30/2016,Steamboat,Mixed,TCT Pro-Elite Challenge 2016 (Colorado Cup)
2307,7,NOISE,13,7/30/2016,Steamboat,Mixed,TCT Pro-Elite Challenge 2016 (Colorado Cup)
2309,9,Ambiguous Grey,10,7/30/2016,Blackbird,Mixed,TCT Pro-Elite Challenge 2016 (Colorado Cup)
2312,9,Ambiguous Grey,13,7/30/2016,Love Tractor,Mixed,TCT Pro-Elite Challenge 2016 (Colorado Cup)
2313,13,Love Tractor,8,7/30/2016,Blackbird,Mixed,TCT Pro-Elite Challenge 2016 (Colorado Cup)
2318,10,Wild Card,8,7/30/2016,The Chad Larson Experience,Mixed,TCT Pro-Elite Challenge 2016 (Colorado Cup)
2327,13,Love Tractor,10,7/31/2016,Metro North,Mixed,TCT Pro-Elite Challenge 2016 (Colorado Cup)
2328,8,Blackbird,13,7/31/2016,Metro North,Mixed,TCT Pro-Elite Challenge 2016 (Colorado Cup)
2329,6,Steamboat,13,7/31/2016,Love Tractor,Mixed,TCT Pro-Elite Challenge 2016 (Colorado Cup)
2330,11,Ambiguous Grey,12,7/31/2016,Metro North,Mixed,TCT Pro-Elite Challenge 2016 (Colorado Cup)
2331,13,Blackbird,12,7/31/2016,Wild Card,Mixed,TCT Pro-Elite Challenge 2016 (Colorado Cup)
2333,13,The Chad Larson Experience,14,7/31/2016,Steamboat,Mixed,TCT Pro-Elite Challenge 2016 (Colorado Cup)
2334,13,Ambiguous Grey,7,7/30/2016,NOISE,Mixed,TCT Pro-Elite Challenge 2016 (Colorado Cup)
2338,13,Steamboat,7,7/31/2016,Blackbird,Mixed,TCT Pro-Elite Challenge 2016 (Colorado Cup)
2340,7,Wild Card,11,7/31/2016,Ambiguous Grey,Mixed,TCT Pro-Elite Challenge 2016 (Colorado Cup)
2342,13,The Chad Larson Experience,7,7/31/2016,Wild Card,Mixed,TCT Pro-Elite Challenge 2016 (Colorado Cup)
2421,6,Buffalo Lake Effect,15,7/30/2016,UNION,Mixed,Mixed Signals 2016
2423,11,North Coast,7,7/30/2016,Moonshine,Mixed,Motown Throwdown 2016
2424,7,Jabba the Huck,13,7/30/2016,Mishigami,Mixed,Motown Throwdown 2016
2425,10,ELevate,13,7/30/2016,Liquid Hustle,Mixed,Motown Throwdown 2016
2426,3,Jabba the Huck,13,7/30/2016,Liquid Hustle,Mixed,Motown Throwdown 2016
2427,3,North Coast,13,7/30/2016,Tequila Mockingbird,Mixed,Motown Throwdown 2016
2428,9,ELevate,13,7/30/2016,Mishigami,Mixed,Motown Throwdown 2016
2429,9,Tequila Mockingbird,8,7/30/2016,Liquid Hustle,Mixed,Motown Throwdown 2016
2430,12,ELevate,4,7/30/2016,Moonshine,Mixed,Motown Throwdown 2016
2431,3,North Coast,11,7/30/2016,Mishigami,Mixed,Motown Throwdown 2016
2432,7,ELevate,12,7/30/2016,Tequila Mockingbird,Mixed,Motown Throwdown 2016
2433,8,Moonshine,13,7/30/2016,Liquid Hustle,Mixed,Motown Throwdown 2016
2434,11,North Coast,7,7/30/2016,Jabba the Huck,Mixed,Motown Throwdown 2016
2435,4,Mishigami,12,7/30/2016,Tequila Mockingbird,Mixed,Motown Throwdown 2016
2436,6,Moonshine,9,7/30/2016,Jabba the Huck,Mixed,Motown Throwdown 2016
2437,9,ELevate,5,7/30/2016,North Coast,Mixed,Motown Throwdown 2016
2438,6,Mishigami,10,7/31/2016,Liquid Hustle,Mixed,Motown Throwdown 2016
2439,6,Moonshine,13,7/31/2016,Tequila Mockingbird,Mixed,Motown Throwdown 2016
2440,11,ELevate,12,7/31/2016,Jabba the Huck,Mixed,Motown Throwdown 2016
2441,6,North Coast,13,7/31/2016,Liquid Hustle,Mixed,Motown Throwdown 2016
2442,2,Jabba the Huck,13,7/31/2016,Tequila Mockingbird,Mixed,Motown Throwdown 2016
2443,5,Moonshine,13,7/31/2016,Mishigami,Mixed,Motown Throwdown 2016
2444,14,Los  Heros,6,7/30/2016,Liquid Hustle B,Mixed,Motown Throwdown 2016
2445,13,Toast,11,7/30/2016,Boomtown Pandas,Mixed,Motown Throwdown 2016
2446,5,Goosebumps and Hucks,13,7/30/2016,Dream Killas,Mixed,Motown Throwdown 2016
2447,8,Toast,12,7/30/2016,Dream Killas,Mixed,Motown Throwdown 2016
2448,6,Los  Heros,13,7/30/2016,Columbus Cocktails,Mixed,Motown Throwdown 2016
2449,3,Goosebumps and Hucks,13,7/30/2016,Boomtown Pandas,Mixed,Motown Throwdown 2016
2450,10,Columbus Cocktails,13,7/30/2016,Dream Killas,Mixed,Motown Throwdown 2016
2451,7,Goosebumps and Hucks,11,7/30/2016,Liquid Hustle B,Mixed,Motown Throwdown 2016
2452,8,Los  Heros,9,7/30/2016,Boomtown Pandas,Mixed,Motown Throwdown 2016
2453,3,Goosebumps and Hucks,13,7/30/2016,Columbus Cocktails,Mixed,Motown Throwdown 2016
2454,10,Los  Heros,11,7/30/2016,Toast,Mixed,Motown Throwdown 2016
2455,9,Liquid Hustle B,12,7/30/2016,Dream Killas,Mixed,Motown Throwdown 2016
2456,7,Boomtown Pandas,10,7/30/2016,Columbus Cocktails,Mixed,Motown Throwdown 2016
2457,9,Liquid Hustle B,8,7/30/2016,Toast,Mixed,Motown Throwdown 2016
2458,3,Goosebumps and Hucks,9,7/30/2016,Los  Heros,Mixed,Motown Throwdown 2016
2459,9,Boomtown Pandas,13,7/31/2016,Dream Killas,Mixed,Motown Throwdown 2016
2460,5,Liquid Hustle B,13,7/31/2016,Columbus Cocktails,Mixed,Motown Throwdown 2016
2461,5,Goosebumps and Hucks,12,7/31/2016,Toast,Mixed,Motown Throwdown 2016
2462,3,Los  Heros,13,7/31/2016,Dream Killas,Mixed,Motown Throwdown 2016
2463,5,Toast,13,7/31/2016,Columbus Cocktails,Mixed,Motown Throwdown 2016
2464,7,Liquid Hustle B,13,7/31/2016,Boomtown Pandas,Mixed,Motown Throwdown 2016
2465,7,Dream Killas,13,7/31/2016,Columbus Cocktails,Mixed,Motown Throwdown 2016
2466,10,Columbus Cocktails,9,7/31/2016,Tequila Mockingbird,Mixed,Motown Throwdown 2016
2467,13,Dream Killas,11,7/31/2016,Liquid Hustle,Mixed,Motown Throwdown 2016
2468,12,Liquid Hustle,10,7/31/2016,Tequila Mockingbird,Mixed,Motown Throwdown 2016
2469,9,ELevate,13,7/31/2016,Boomtown Pandas,Mixed,Motown Throwdown 2016
2470,12,Boomtown Pandas,10,7/31/2016,Mishigami,Mixed,Motown Throwdown 2016
2471,6,Toast,13,7/31/2016,ELevate,Mixed,Motown Throwdown 2016
2472,14,Toast,11,7/31/2016,Mishigami,Mixed,Motown Throwdown 2016
2473,12,Los  Heros,11,7/31/2016,Liquid Hustle B,Mixed,Motown Throwdown 2016
2474,12,Liquid Hustle B,9,7/31/2016,North Coast,Mixed,Motown Throwdown 2016
2475,9,Los  Heros,8,7/31/2016,Jabba the Huck,Mixed,Motown Throwdown 2016
2476,9,Jabba the Huck,10,7/31/2016,North Coast,Mixed,Motown Throwdown 2016
2477,0,Goosebumps and Hucks,1,7/31/2016,Moonshine,Mixed,Motown Throwdown 2016
2595,5,LoveShack,13,7/23/2016,G-Unit,Mixed,Club Terminus
2598,5,LoveShack,13,7/23/2016,Swing State,Mixed,Club Terminus
2599,13,Swing State,8,7/23/2016,G-Unit,Mixed,Club Terminus
2601,11,Jolly Roger,10,7/23/2016,Jared Lorenzen Project,Mixed,Club Terminus
2602,9,Trash Pandas,10,7/23/2016,Pluff Mud Panic,Mixed,Club Terminus
2603,10,Trash Pandas,6,7/23/2016,Jared Lorenzen Project,Mixed,Club Terminus
2604,9,Jolly Roger,12,7/23/2016,Pluff Mud Panic,Mixed,Club Terminus
2605,13,Pluff Mud Panic,4,7/23/2016,Jared Lorenzen Project,Mixed,Club Terminus
2606,6,Trash Pandas,11,7/23/2016,Jolly Roger,Mixed,Club Terminus
2607,8,Pluff Mud Panic,13,7/23/2016,Swing State,Mixed,Club Terminus
2608,5,Jolly Roger,13,7/23/2016,G-Unit,Mixed,Club Terminus
2609,9,Trash Pandas,13,7/23/2016,LoveShack,Mixed,Club Terminus
2611,6,Pluff Mud Panic,8,7/24/2016,Jared Lorenzen Project,Mixed,Club Terminus
2612,11,LoveShack,13,7/24/2016,Jared Lorenzen Project,Mixed,Club Terminus
2613,12,Pluff Mud Panic,8,7/24/2016,G-Unit,Mixed,Club Terminus
2614,11,Jared Lorenzen Project,10,7/24/2016,Swing State,Mixed,Club Terminus
2615,12,LoveShack,10,7/24/2016,Jolly Roger,Mixed,Club Terminus
2616,6,Trash Pandas,13,7/24/2016,G-Unit,Mixed,Club Terminus
2618,9,G-Unit,13,7/24/2016,LoveShack,Mixed,Club Terminus
2619,6,Trash Pandas,13,7/24/2016,Swing State,Mixed,Club Terminus
2620,5,Jolly Roger,13,7/24/2016,Swing State,Mixed,Club Terminus
2757,9,Mad Udderburn,12,7/23/2016,No Touching,Mixed,MN Ultimate Disc Invitational 2016
2759,3,Coalition Ultimate,13,7/23/2016,Drag'n Thrust,Mixed,MN Ultimate Disc Invitational 2016
2762,2,Wingdings,13,7/23/2016,Drag'n Thrust,Mixed,MN Ultimate Disc Invitational 2016
2764,8,Coalition Ultimate,9,7/23/2016,Mad Udderburn,Mixed,MN Ultimate Disc Invitational 2016
2765,13,Wingdings,9,7/23/2016,No Touching,Mixed,MN Ultimate Disc Invitational 2016
2767,4,No Touching,12,7/23/2016,Drag'n Thrust,Mixed,MN Ultimate Disc Invitational 2016
2769,9,Coalition Ultimate,11,7/23/2016,No Touching,Mixed,MN Ultimate Disc Invitational 2016
2772,7,Coalition Ultimate,10,7/24/2016,Wingdings,Mixed,MN Ultimate Disc Invitational 2016
2773,5,Mad Udderburn,13,7/24/2016,Drag'n Thrust,Mixed,MN Ultimate Disc Invitational 2016
2777,5,Wingdings,13,7/24/2016,Mad Udderburn,Mixed,MN Ultimate Disc Invitational 2016
2780,12,Mastodon,13,7/23/2016,Des Moines Metro,Mixed,MN Ultimate Disc Invitational 2016
2781,3,Mastodon,13,7/23/2016,Minnesota Star Power,Mixed,MN Ultimate Disc Invitational 2016
2783,12,Mojo Jojo,9,7/23/2016,Des Moines Metro,Mixed,MN Ultimate Disc Invitational 2016
2784,13,Minnesota Star Power,3,7/23/2016,Des Moines Metro,Mixed,MN Ultimate Disc Invitational 2016
2791,8,Mojo Jojo,12,7/23/2016,Minnesota Star Power,Mixed,MN Ultimate Disc Invitational 2016
2793,8,Mastodon,9,7/24/2016,Mojo Jojo,Mixed,MN Ultimate Disc Invitational 2016
2799,8,Minnesota Star Power,12,7/24/2016,Drag'n Thrust,Mixed,MN Ultimate Disc Invitational 2016
2801,12,Minnesota Star Power,8,7/24/2016,Mad Udderburn,Mixed,MN Ultimate Disc Invitational 2016
2805,9,Mojo Jojo,11,7/24/2016,Wingdings,Mixed,MN Ultimate Disc Invitational 2016
2806,9,Des Moines Metro,10,7/24/2016,Mojo Jojo,Mixed,MN Ultimate Disc Invitational 2016
2807,10,Coalition Ultimate,6,7/24/2016,No Touching,Mixed,MN Ultimate Disc Invitational 2016
2808,7,Mastodon,9,7/24/2016,No Touching,Mixed,MN Ultimate Disc Invitational 2016
2849,3,Murmur,13,7/23/2016,Charlotte Storm,Mixed,The Chillout 2016 Club Tournament
2852,7,Boxcar,13,7/23/2016,Charlotte Storm,Mixed,The Chillout 2016 Club Tournament
2860,12,Boxcar,11,7/24/2016,Murmur,Mixed,The Chillout 2016 Club Tournament
2863,12,Swamp Rabbit,14,7/23/2016,Carolina Reign,Mixed,The Chillout 2016 Club Tournament
2865,6,Carolina Reign,13,7/23/2016,Toro,Mixed,The Chillout 2016 Club Tournament
2868,8,Swamp Rabbit,13,7/23/2016,Toro,Mixed,The Chillout 2016 Club Tournament
2877,5,Toro,13,7/24/2016,Charlotte Storm,Mixed,The Chillout 2016 Club Tournament
2878,4,Boxcar,13,7/24/2016,Charlotte Storm,Mixed,The Chillout 2016 Club Tournament
2881,13,Boxcar,9,7/24/2016,Carolina Reign,Mixed,The Chillout 2016 Club Tournament
2883,10,Murmur,13,7/24/2016,Toro,Mixed,The Chillout 2016 Club Tournament
2885,13,Swamp Rabbit,3,7/24/2016,Carolina Reign,Mixed,The Chillout 2016 Club Tournament
2887,13,Swamp Rabbit,7,7/24/2016,Murmur,Mixed,The Chillout 2016 Club Tournament
2935,10,Liquid Hustle,6,7/23/2016,Thoroughbred,Mixed,Heavyweights 2016
2936,5,Tequila Mockingbird,8,7/23/2016,Prion,Mixed,Heavyweights 2016
2937,10,Prion,7,7/23/2016,Thoroughbred,Mixed,Heavyweights 2016
2938,7,Tequila Mockingbird,10,7/23/2016,panIC,Mixed,Heavyweights 2016
2939,11,Liquid Hustle,5,7/23/2016,Tequila Mockingbird,Mixed,Heavyweights 2016
2940,8,Prion,10,7/23/2016,panIC,Mixed,Heavyweights 2016
2941,5,Tequila Mockingbird,6,7/23/2016,Thoroughbred,Mixed,Heavyweights 2016
2942,2,Liquid Hustle,4,7/23/2016,panIC,Mixed,Heavyweights 2016
2943,0,panIC,11,7/24/2016,Thoroughbred,Mixed,Heavyweights 2016
2944,7,Liquid Hustle,8,7/24/2016,Prion,Mixed,Heavyweights 2016
2946,3,Jabba the Huck,11,7/23/2016,Chalice,Mixed,Heavyweights 2016
2947,6,Chalice,10,7/23/2016,Dream Killas,Mixed,Heavyweights 2016
2948,3,Jabba the Huck,11,7/23/2016,The Abusement Park,Mixed,Heavyweights 2016
2950,11,Chalice,6,7/23/2016,The Abusement Park,Mixed,Heavyweights 2016
2951,3,Jabba the Huck,5,7/23/2016,Dream Killas,Mixed,Heavyweights 2016
2953,1,The Abusement Park,11,7/24/2016,Dream Killas,Mixed,Heavyweights 2016
2955,5,Toast,11,7/23/2016,Boomtown Pandas,Mixed,Heavyweights 2016
2956,6,Liquid Hustle B,11,7/23/2016,Goose Lee,Mixed,Heavyweights 2016
2957,11,Goose Lee,4,7/23/2016,Boomtown Pandas,Mixed,Heavyweights 2016
2958,5,Liquid Hustle B,9,7/23/2016,Mishigami,Mixed,Heavyweights 2016
2959,12,Toast,6,7/23/2016,Liquid Hustle B,Mixed,Heavyweights 2016
2960,9,Goose Lee,6,7/23/2016,Mishigami,Mixed,Heavyweights 2016
2961,1,Liquid Hustle B,5,7/23/2016,Boomtown Pandas,Mixed,Heavyweights 2016
2962,2,Toast,1,7/23/2016,Mishigami,Mixed,Heavyweights 2016
2963,5,Mishigami,10,7/24/2016,Boomtown Pandas,Mixed,Heavyweights 2016
2964,8,Toast,10,7/24/2016,Goose Lee,Mixed,Heavyweights 2016
2965,4,Skyhawks,11,7/23/2016,tHUMP,Mixed,Heavyweights 2016
2966,13,Stackcats,7,7/23/2016,Doppler Effect,Mixed,Heavyweights 2016
2967,3,Doppler Effect,11,7/23/2016,tHUMP,Mixed,Heavyweights 2016
2968,9,Stackcats,13,7/23/2016,Shakedown,Mixed,Heavyweights 2016
2969,9,Skyhawks,5,7/23/2016,Stackcats,Mixed,Heavyweights 2016
2970,3,Doppler Effect,13,7/23/2016,Shakedown,Mixed,Heavyweights 2016
2971,3,Stackcats,6,7/23/2016,tHUMP,Mixed,Heavyweights 2016
2972,2,Skyhawks,3,7/23/2016,Shakedown,Mixed,Heavyweights 2016
2973,4,Shakedown,11,7/24/2016,tHUMP,Mixed,Heavyweights 2016
2974,8,Skyhawks,5,7/24/2016,Doppler Effect,Mixed,Heavyweights 2016
2975,1,Prion,0,7/24/2016,panIC,Mixed,Heavyweights 2016
2976,9,Thoroughbred,10,7/24/2016,panIC,Mixed,Heavyweights 2016
2977,7,Liquid Hustle,11,7/24/2016,Prion,Mixed,Heavyweights 2016
2978,9,tHUMP,10,7/24/2016,panIC,Mixed,Heavyweights 2016
2979,8,Chalice,11,7/24/2016,Prion,Mixed,Heavyweights 2016
2980,5,Dream Killas,13,7/24/2016,Liquid Hustle,Mixed,Heavyweights 2016
2981,5,Tequila Mockingbird,10,7/24/2016,Thoroughbred,Mixed,Heavyweights 2016
2982,10,Boomtown Pandas,11,7/24/2016,tHUMP,Mixed,Heavyweights 2016
2983,13,Chalice,7,7/24/2016,Goose Lee,Mixed,Heavyweights 2016
2984,5,Shakedown,13,7/24/2016,Dream Killas,Mixed,Heavyweights 2016
2985,8,The Abusement Park,11,7/24/2016,Tequila Mockingbird,Mixed,Heavyweights 2016
2986,10,Liquid Hustle,6,7/24/2016,Thoroughbred,Mixed,Heavyweights 2016
2987,5,Dream Killas,3,7/24/2016,tHUMP,Mixed,Heavyweights 2016
2988,6,Tequila Mockingbird,8,7/24/2016,tHUMP,Mixed,Heavyweights 2016
2989,10,Dream Killas,7,7/24/2016,Chalice,Mixed,Heavyweights 2016
2990,5,Chalice,11,7/24/2016,Tequila Mockingbird,Mixed,Heavyweights 2016
2991,10,Shakedown,9,7/24/2016,Boomtown Pandas,Mixed,Heavyweights 2016
2992,7,The Abusement Park,9,7/24/2016,Boomtown Pandas,Mixed,Heavyweights 2016
2993,10,Shakedown,9,7/24/2016,Goose Lee,Mixed,Heavyweights 2016
2994,1,Goose Lee,0,7/24/2016,The Abusement Park,Mixed,Heavyweights 2016
2995,8,Mishigami,3,7/24/2016,Toast,Mixed,Heavyweights 2016
2996,7,Stackcats,10,7/24/2016,Toast,Mixed,Heavyweights 2016
2997,13,Mishigami,9,7/24/2016,Skyhawks,Mixed,Heavyweights 2016
2998,4,Doppler Effect,12,7/24/2016,Toast,Mixed,Heavyweights 2016
2999,7,Jabba the Huck,12,7/24/2016,Stackcats,Mixed,Heavyweights 2016
3000,5,Liquid Hustle B,11,7/24/2016,Skyhawks,Mixed,Heavyweights 2016
3002,6,Stackcats,8,7/24/2016,Skyhawks,Mixed,Heavyweights 2016
3004,9,Jabba the Huck,3,7/24/2016,Doppler Effect,Mixed,Heavyweights 2016
3006,0,Doppler Effect,1,7/24/2016,Liquid Hustle B,Mixed,Heavyweights 2016
3094,8,Birdfruit,13,7/23/2016,Seattle Mixtape,Mixed,Northwest Mixed Cup 2016
3212,3,k0d,11,7/16/2016,Orlando Friends,Mixed,Swan Boat 2016
3213,11,Swing State,7,7/16/2016,KOD,Mixed,Swan Boat 2016
3214,10,Jolly Roger,11,7/16/2016,The Hucking Dead,Mixed,Swan Boat 2016
3215,4,The Hucking Dead,11,7/16/2016,Orlando Friends,Mixed,Swan Boat 2016
3217,2,k0d,11,7/16/2016,Swing State,Mixed,Swan Boat 2016
3218,11,KOD,12,7/16/2016,Orlando Friends,Mixed,Swan Boat 2016
3220,9,Jolly Roger,11,7/16/2016,Swing State,Mixed,Swan Boat 2016
3222,8,k0d,11,7/16/2016,Jolly Roger,Mixed,Swan Boat 2016
3223,5,The Hucking Dead,11,7/16/2016,Swing State,Mixed,Swan Boat 2016
3224,4,k0d,11,7/16/2016,KOD,Mixed,Swan Boat 2016
3227,6,Swing State,11,7/17/2016,Orlando Friends,Mixed,Swan Boat 2016
3228,10,k0d,11,7/17/2016,The Hucking Dead,Mixed,Swan Boat 2016
3229,7,Jolly Roger,11,7/17/2016,KOD,Mixed,Swan Boat 2016
3231,6,Jolly Roger,11,7/17/2016,Orlando Friends,Mixed,Swan Boat 2016
3232,10,The Hucking Dead,15,7/17/2016,KOD,Mixed,Swan Boat 2016
3233,12,Swing State,13,7/17/2016,Orlando Friends,Mixed,Swan Boat 2016
3319,8,Risky Business,10,6/25/2016,tHUMP,Mixed,Texas 2 Finger 2016
3351,7,Risky Business,15,6/26/2016,tHUMP,Mixed,Texas 2 Finger 2016
3607,1,k0d,13,6/18/2016,Bucket,Mixed,ATL Classic 2016
3608,13,Orlando Friends,7,6/18/2016,LoveShack,Mixed,ATL Classic 2016
3609,3,LoveShack,13,6/18/2016,Bucket,Mixed,ATL Classic 2016
3610,6,Orlando Friends,8,6/18/2016,G-Unit,Mixed,ATL Classic 2016
3611,4,k0d,13,6/18/2016,Orlando Friends,Mixed,ATL Classic 2016
3612,7,LoveShack,13,6/18/2016,G-Unit,Mixed,ATL Classic 2016
3613,3,Orlando Friends,13,6/18/2016,Bucket,Mixed,ATL Classic 2016
3614,1,k0d,13,6/18/2016,G-Unit,Mixed,ATL Classic 2016
3615,12,G-Unit,13,6/18/2016,Bucket,Mixed,ATL Classic 2016
3616,2,k0d,13,6/18/2016,LoveShack,Mixed,ATL Classic 2016
3618,7,Trash Pandas,13,6/18/2016,Murmur,Mixed,ATL Classic 2016
3619,7,Murmur,13,6/18/2016,Swing State,Mixed,ATL Classic 2016
3620,8,Trash Pandas,13,6/18/2016,KOD,Mixed,ATL Classic 2016
3622,2,Murmur,13,6/18/2016,KOD,Mixed,ATL Classic 2016
3623,7,Trash Pandas,13,6/18/2016,Swing State,Mixed,ATL Classic 2016
3625,12,KOD,8,6/18/2016,Swing State,Mixed,ATL Classic 2016
3627,9,G-Unit,13,6/19/2016,Bucket,Mixed,ATL Classic 2016
3628,15,Bucket,6,6/19/2016,Orlando Friends,Mixed,ATL Classic 2016
3629,15,G-Unit,6,6/19/2016,KOD,Mixed,ATL Classic 2016
3630,13,Swing State,14,6/19/2016,Orlando Friends,Mixed,ATL Classic 2016
3631,10,Murmur,15,6/19/2016,G-Unit,Mixed,ATL Classic 2016
3632,1,KOD,0,6/19/2016,Orlando Friends,Mixed,ATL Classic 2016
3633,8,Murmur,15,6/19/2016,Swing State,Mixed,ATL Classic 2016
3634,8,Trash Pandas,14,6/19/2016,LoveShack,Mixed,ATL Classic 2016
3636,15,Trash Pandas,3,6/19/2016,k0d,Mixed,ATL Classic 2016
